cell_centre_lat,cell_centre_lon,depth_mean_m,depth_sd_m,frac_shelf,frac_land,dist_shelf_edge_km
-45,143,-4786.165532879819,191.0118922767267,0.0,0.0,274.7787474218303
-45,145,-3348.2426303854877,925.0549677016113,0.0,0.0,155.02508554080433
-45,147,-2727.3151927437643,879.9441139126762,0.013605442176870748,0.0,111.19492664455873
-45,149,-3800.879818594104,511.28222199055915,0.0,0.0,165.2533895241127
-45,151,-4030.732426303855,797.1876424860767,0.0,0.0,291.6799181656063
-45,153,-4683.018140589569,177.69335086856336,0.0,0.0,432.30029357239715
-45,155,-4745.321995464853,179.9638491263529,0.0,0.0,578.4826456174394
-45,157,-4828.931972789115,298.5512212760441,0.0,0.0,730.2183219189811
-45,159,-5048.3650793650795,200.66835044093745,0.0,0.0,645.1216072430626
-45,161,-4911.403628117914,133.08423643244473,0.0,0.0,487.9182790393658
-45,163,-4732.038548752835,123.67235254228667,0.0,0.0,330.6700391934709
-45,165,-4398.401360544218,517.0113766094507,0.0,0.0,173.48092683188122
-45,167,-2974.87265917603,1257.03332821156,0.027210884353741496,0.3945578231292517,19.270717957686173
-43,143,-4611.777777777777,328.5074934188309,0.0,0.0,164.4169399548269
-43,145,-2158.5197740112994,1414.4294241584346,0.1383219954648526,0.19727891156462585,22.23898532891206
-43,147,-250.640522875817,410.39952636647877,0.2789115646258503,0.6530612244897959,78.63339649535732
-43,149,-2649.5198135198134,1225.373152284704,0.11791383219954649,0.027210884353741496,68.65364267081587
-43,151,-3863.124716553288,740.4895219634803,0.0,0.0,214.90460445155128
-43,153,-4633.721088435374,80.07054693259778,0.0,0.0,373.68895417780624
-43,155,-4608.297052154195,97.98968041872156,0.0,0.0,533.5868058681368
-43,157,-4691.015873015873,178.49133470747697,0.0,0.0,695.0291326896963
-43,159,-4777.426303854875,202.70437416724567,0.0,0.0,689.2398426902926
-43,161,-4945.27664399093,119.69307576077759,0.0,0.0,539.2438897239601
-43,163,-4658.639455782313,455.7032219884036,0.0,0.0,397.01495916070706
-43,165,-4171.9795918367345,496.04438221596143,0.0,0.0,274.189417611697
-43,167,-3024.1814058956916,931.3731864680533,0.0,0.0,157.96167347361373
-43,169,-1013.1432291666666,457.24609619620946,0.07256235827664399,0.1292517006802721,55.041131610628256
-41,143,-2957.0892448512586,1516.339293202162,0.1111111111111111,0.009070294784580499,60.49471915970546
-41,145,-318.6849315068493,679.0135229200099,0.5328798185941043,0.3378684807256236,51.52766675601508
-41,147,-61.050925925925924,44.07954964394591,0.4897959183673469,0.5102040816326531,56.23198230159326
-41,149,-2330.0678851174935,1754.9892768537627,0.2290249433106576,0.13151927437641722,64.8791703230226
-41,151,-4588.263038548753,171.62375264413527,0.0,0.0,205.93394360473434
-41,153,-4620.165532879819,583.2740680380718,0.0,0.0,365.54013865310304
-41,155,-4547.362811791383,167.14702258595153,0.0,0.0,489.28498385170155
-41,157,-4517.668934240362,352.0474647247,0.0,0.0,483.1241092733798
-41,159,-4751.433106575963,253.82301581221722,0.0,0.0,536.0256210277206
-41,161,-4811.884353741497,175.44507753684897,0.0,0.0,633.3384374801487
-41,163,-4556.963718820862,401.3409721837676,0.0,0.0,548.5356306105198
-41,165,-4075.278911564626,526.2816276263065,0.0,0.0,427.21524676622204
-41,167,-2247.2199546485263,1085.62104520073,0.0,0.0,320.88660937509366
-41,169,-975.015873015873,148.26278029297177,0.0,0.0,226.87449999763797
-39,143,-725.6946308724832,927.0594894655426,0.3945578231292517,0.3242630385487528,11.11949266445603
-39,145,-63.29673590504451,28.844014317237857,0.764172335600907,0.23582766439909297,116.9573454749903
-39,147,-41.27639751552795,26.848391739666607,0.7301587301587301,0.2698412698412698,110.4095304629383
-39,149,-1561.9011494252873,1530.7998833396798,0.3673469387755102,0.013605442176870748,44.64470454667357
-39,151,-4483.149659863946,583.888684367867,0.0,0.0,144.58226844341354
-39,153,-4533.199546485261,389.12187983128143,0.0,0.0,288.44214611832155
-39,155,-4522.408163265306,290.4974672499989,0.0,0.0,276.59361768113286
-39,157,-4724.149659863946,220.1906824593845,0.0,0.0,265.2153216800976
-39,159,-4864.385487528345,203.65159903351974,0.0,0.0,354.71049231737385
-39,161,-4807.097505668934,164.99375199779422,0.0,0.0,492.8687974436208
-39,163,-4000.326530612245,764.5038453134637,0.0,0.0,649.2963037181195
-39,165,-2479.9297052154193,563.690850194384,0.0,0.0,599.8608262325243
-39,167,-1746.5011337868482,921.2714389381977,0.0,0.0,501.4520060460403
-39,169,-603.8027210884354,106.50789382540762,0.0,0.0,441.7074322776726
-37,145,-6.4,4.03732584763727,0.011337868480725623,0.9886621315192744,249.60728063902604
-37,149,-76.28571428571429,55.14884808529165,0.1564625850340136,0.8412698412698413,115.44458513710009
-37,151,-3658.6456876456878,1748.7951113435684,0.13378684807256236,0.027210884353741496,62.162811845259874
-37,153,-4720.496598639455,153.61461700172376,0.0,0.0,239.76334956423332
-37,155,-4485.380952380952,319.8998778026991,0.0,0.0,111.8635469731253
-37,157,-4480.172335600907,519.9367507480081,0.0,0.0,78.61162335442421
-37,159,-4839.278911564626,380.60943562408613,0.0,0.0,251.35522319567912
-37,161,-4336.172335600907,766.2940553885634,0.0,0.0,428.3543412441266
-37,163,-2929.3401360544217,805.3506675237132,0.0,0.0,601.3953417402826
-37,165,-1414.4512471655328,251.4845070314474,0.0,0.0,511.74651693709734
-37,167,-1425.8979591836735,448.7716123136054,0.0,0.0,478.13818457160227
-37,169,-1606.2925170068027,670.4240334996035,0.0,0.0,432.2144687875316
-35,151,-2588.567474048443,1970.5811668612864,0.15192743764172337,0.34467120181405897,11.11949266445603
-35,153,-4822.21768707483,288.9449975264277,0.0,0.0,167.6045417110633
-35,155,-4722.911564625851,271.9777378549258,0.0,0.0,217.7798720913325
-35,157,-4638.185941043084,201.83243923901145,0.0,0.0,202.31354129975085
-35,159,-4560.809523809524,568.5818282837972,0.0,0.0,315.28279729066753
-35,161,-2710.8843537414964,596.3993039712283,0.0,0.0,472.0392293684473
-35,163,-1622.8299319727892,566.510892627562,0.0,0.0,448.3539384796017
-35,165,-1501.4784580498865,650.3493257916218,0.0,0.0,315.44797083721005
-35,167,-2352.485260770975,548.5815472532838,0.0,0.0,255.7483312824848
-35,169,-1854.7687074829932,520.6239883940042,0.0,0.0,220.31036222346873
-33,151,-286.875,432.8815971055781,0.11791383219954649,0.8367346938775511,100.47503920714495
-33,153,-3268.8709677419356,1920.456975112827,0.15192743764172337,0.08616780045351474,43.4647654264357
-33,155,-4801.34693877551,340.6780001914876,0.0,0.0,104.85010407780405
-33,157,-3847.891156462585,996.1306330628325,0.011337868480725623,0.0,75.3867879247516
-33,159,-3419.795918367347,814.3969989460873,0.0,0.0,261.1974685487754
-33,161,-1555.7233560090704,318.891397334839,0.0,0.0,447.4736501547178
-33,163,-1145.4580498866212,498.40985205205567,0.0,0.0,367.20166481159924
-33,165,-2896.7437641723354,467.7687901219602,0.0,0.0,183.06891856338143
-33,167,-1525.297052154195,854.0690520387573,0.02040816326530612,0.0,33.3584779933673
-33,169,-2235.4625850340135,782.8738050411868,0.009070294784580499,0.0,95.7675441302321
-31,153,-2448.234513274336,1957.3414129837743,0.14285714285714285,0.4875283446712018,22.059956087773838
-31,155,-4717.92970521542,217.8781186646962,0.0,0.0,165.67694413230112
-31,157,-3665.84126984127,1041.451287309389,0.0022675736961451248,0.0,245.37731074843194
-31,159,-2592.3174603174602,939.176352831124,0.013605442176870748,0.0,200.15086796020543
-31,161,-1343.5532879818595,146.07526856301007,0.0,0.0,277.6173905989198
-31,163,-1366.1133786848072,378.0999697382407,0.0,0.0,409.2174952482969
-31,165,-2822.7868480725624,462.2654097036159,0.0,0.0,249.91160776188974
-31,167,-1975.1791383219954,768.1383144390442,0.006802721088435374,0.0,108.45731259155838
-31,169,-3257.310657596372,792.4013337489196,0.0022675736961451248,0.0,123.99089541075166
-29,153,-609.8897637795276,841.4749166615596,0.1655328798185941,0.7120181405895691,80.84590152360488
-29,155,-3940.9455782312925,1121.9542677175934,0.0,0.0,118.69226450563694
-29,157,-4088.401360544218,885.366860222339,0.0,0.0,168.8239580978555
-29,159,-2685.7129840546695,513.7679766899893,0.0022675736961451248,0.0045351473922902496,22.23898532891206
-29,161,-1733.639455782313,416.3000165785963,0.0,0.0,195.58401372697807
-29,163,-1514.8548752834467,321.7702904247706,0.0,0.0,389.25290189513487
-29,165,-3206.095238095238,399.24018175438295,0.0,0.0,282.1100203852245
-29,167,-2412.5895691609976,994.3603205442022,0.045351473922902494,0.0,88.18915982475993
-29,169,-2555.401360544218,861.2645142716605,0.03854875283446712,0.0,78.55574553576747
-27,153,-426.04571428571427,757.8956333174391,0.2675736961451247,0.6031746031746031,63.51829222800038
-27,155,-4076.662131519274,1122.7857933988005,0.0,0.0,111.57612028755467
-27,157,-3961.4603174603176,817.7989550054958,0.0,0.0,169.71707299749585
-27,159,-3007.8117913832198,541.9088093755527,0.0,0.0,51.84122067421078
-27,161,-1771.156462585034,391.19608023482886,0.0,0.0,152.50280695446662
-27,163,-1415.2267573696145,335.48809531874275,0.0,0.0,348.81234534272346
-27,165,-3150.598639455782,444.72118425527856,0.0,0.0,342.0655664711181
-27,167,-2439.643990929705,1039.4658168180074,0.0045351473922902496,0.0,208.71319852706907
-27,169,-3006.3718820861677,535.2831600091714,0.0,0.0,213.06681104865
-25,153,-681.9611650485436,1133.392132388291,0.4603174603174603,0.29931972789115646,61.50412916279008
-25,155,-4107.562358276644,730.8483590619308,0.0,0.0,119.27589589405441
-25,157,-3327.9002267573696,931.3042243029364,0.0,0.0,252.2860502313086
-25,159,-2205.8359908883826,815.8358799938013,0.061224489795918366,0.0045351473922902496,51.62069657680356
-25,161,-1495.9002267573696,284.39103045717513,0.0,0.0,110.85420660404696
-25,163,-1629.732426303855,578.1075167898031,0.0,0.0,312.40135898477627
-25,165,-3134.4603174603176,440.17435480302873,0.0,0.0,308.1477821171488
-25,167,-2238.324263038549,901.3815943902014,0.0,0.0,222.62169343471982
-25,169,-2059.7868480725624,412.76310056771075,0.0,0.0,253.60177366228993
-23,151,-33.36802973977695,23.40514080025389,0.6099773242630385,0.3900226757369615,124.733466788662
-23,153,-355.5215419501134,395.6611326896456,0.41496598639455784,0.0,10.235546767222596
-23,155,-2083.8367346938776,1073.457093867644,0.018140589569160998,0.0,52.35320480023711
-23,157,-2067.75283446712,273.49613616581377,0.0,0.0,153.87785481000637
-23,159,-2200.918181818182,591.3810542933353,0.011337868480725623,0.0022675736961451248,52.35320480023711
-23,161,-1707.1179138321995,366.1029533182781,0.0,0.0,146.97286574069375
-23,163,-2139.501133786848,447.63859268142033,0.0,0.0,264.7533326746643
-23,165,-3173.907029478458,495.38098558815545,0.0045351473922902496,0.0,143.38998578064988
-23,167,-1355.447688564477,949.8348734864317,0.14058956916099774,0.06802721088435375,10.235546767222596
-23,169,-2095.9931972789113,1112.7028691225785,0.006802721088435374,0.0,83.7033637841197
-21,149,-21.149253731343283,16.596011928782726,0.4557823129251701,0.54421768707483,196.1041834903309
-21,151,-63.029612756264235,82.15716944336378,0.8798185941043084,0.0045351473922902496,63.75090062506558
-21,153,-603.7585421412301,684.379548366641,0.3219954648526077,0.0045351473922902496,10.380940534902665
-21,155,-2634.1045454545456,746.6824685655333,0.009070294784580499,0.0022675736961451248,141.08910946946887
-21,157,-1839.172335600907,624.2137033946539,0.0,0.0,191.7576843892101
-21,159,-1443.875,846.9318256914311,0.17687074829931973,0.0022675736961451248,11.119492664454846
-21,161,-1391.3718820861677,781.9257477700603,0.09297052154195011,0.0,30.414614786456912
-21,163,-2719.259681093394,1124.5258954285562,0.036281179138321996,0.0045351473922902496,145.80592714605447
-21,165,-2155.2321981424147,1241.8518750064175,0.1111111111111111,0.2675736961451247,39.28070003809085
-21,167,-2068.043367346939,1190.4240537648686,0.08390022675736962,0.1111111111111111,88.1734805503441
-21,169,-3227.328735632184,1768.5781122555259,0.013605442176870748,0.013605442176870748,115.4451836894564
-19,147,-136.1406844106464,287.55702915743586,0.5102040816326531,0.4036281179138322,93.98637586651924
-19,149,-447.17201834862385,450.41116872961385,0.48299319727891155,0.011337868480725623,0.0
-19,151,-839.3211845102505,574.8078291399682,0.11791383219954649,0.0045351473922902496,33.43474996691669
-19,153,-1696.6909090909091,820.051837302068,0.04081632653061224,0.0022675736961451248,62.219120942727585
-19,155,-2628.4308390022675,506.0517628495707,0.0,0.0,264.7119783628661
-19,157,-2687.108843537415,464.4655598728261,0.0,0.0,192.56979444762953
-19,159,-2238.2013729977116,1340.8632902073327,0.11337868480725624,0.009070294784580499,95.24589328602859
-19,161,-2918.1768707482993,758.5018160883178,0.006802721088435374,0.0,107.40099099324743
-19,163,-2296.913043478261,1447.5148592158143,0.19954648526077098,0.009070294784580499,15.300790311355177
-19,165,-3014.2265446224255,1012.2191450680979,0.02040816326530612,0.009070294784580499,128.16222213292085
-19,167,-4334.240362811792,814.868821737504,0.0,0.0,209.4681605403183
-19,169,-1984.285046728972,1478.69020244641,0.034013605442176874,0.02947845804988662,44.47797065782412
-17,147,-913.2843822843823,604.3509249046344,0.24036281179138322,0.027210884353741496,38.87348274544471
-17,149,-699.4022727272727,328.5117881955432,0.09750566893424037,0.0022675736961451248,21.267246514862787
-17,151,-635.5532879818594,387.61468390228026,0.2108843537414966,0.0,35.00971240362212
-17,153,-2086.6848072562357,812.0850565452553,0.015873015873015872,0.0,85.77002482363544
-17,155,-2772.4920634920636,670.7002280897152,0.0,0.0,297.8669377605566
-17,157,-2812.6190476190477,393.6023951331413,0.0,0.0,368.9558353339708
-17,159,-3495.4285714285716,567.8787402574283,0.0,0.0,252.14847456943602
-17,161,-4175.303854875284,580.6969348891482,0.0,0.0,260.86218835193836
-17,163,-3931.5022727272726,818.7205474682794,0.006802721088435374,0.0022675736961451248,124.13864254322534
-17,165,-4375.546485260771,528.650003003044,0.0,0.0,226.6648752296776
-17,167,-3869.8066825775654,1405.1640655296146,0.013605442176870748,0.049886621315192746,69.36227299507628
-17,169,-2005.5728155339805,952.1640109179882,0.024943310657596373,0.06575963718820861,63.80171739317942
-15,145,-862.8609865470852,1102.171314594214,0.29705215419501135,0.4943310657596372,85.16843606800109
-15,147,-1636.6802721088436,480.6250946763528,0.0022675736961451248,0.0,115.78992607382462
-15,149,-1853.4172335600906,1171.6724693874612,0.013605442176870748,0.0,108.13136106834324
-15,151,-3037.077097505669,1503.7028110775298,0.0,0.0,159.65463742884776
-15,153,-4292.342403628118,729.9121200170921,0.0,0.0,248.664169977816
-15,155,-3867.324263038549,760.731541810527,0.0,0.0,378.75291185551816
-15,157,-3366.2312925170068,621.199244146066,0.0,0.0,441.0264579839067
-15,159,-3012.2585034013605,592.4641963302169,0.0,0.0,287.5332981111435
-15,161,-3867.310657596372,798.5054141672049,0.0,0.0,253.05520116918223
-15,163,-4242.8231292517,498.08976053993615,0.0,0.0,345.3626178515686
-15,165,-3536.4875283446713,870.2901817280751,0.0,0.0,177.66609740878175
-15,167,-2240.7763496143957,1304.622192755807,0.027210884353741496,0.11791383219954649,11.11949266445524
-15,169,-2959.4709976798144,661.0511808413877,0.006802721088435374,0.022675736961451247,193.40904033633646
-13,143,-172.19230769230768,492.83138768198984,0.25170068027210885,0.7052154195011338,97.5104563604564
-13,145,-2632.893181818182,847.3733366748053,0.061224489795918366,0.0022675736961451248,109.29518788808261
-13,147,-3255.4715261959,851.2800801571261,0.0045351473922902496,0.0045351473922902496,115.82929244629258
-13,149,-4269.607709750567,285.05646623156025,0.0,0.0,272.40548289399584
-13,151,-4545.417233560091,129.73283061235136,0.0,0.0,207.40141919590826
-13,153,-4354.331065759638,390.82828612738695,0.0,0.0,158.5654653098688
-13,155,-3010.1020408163267,756.5142737464965,0.0,0.0,186.51403505578713
-13,157,-2463.7414965986395,717.558978460707,0.0,0.0,282.37377842868824
-13,159,-3199.9478458049884,710.1551107783897,0.0,0.0,153.36459589199748
-13,161,-3012.671232876712,872.445874944868,0.015873015873015872,0.006802721088435374,63.64721502995537
-13,163,-3845.4784580498867,686.5482172786745,0.0,0.0,273.06909886596367
-13,165,-3416.3492063492063,1607.0251428014308,0.0,0.0,247.99575806015147
-13,167,-2559.5733944954127,1599.6614143555119,0.015873015873015872,0.011337868480725623,110.11435476470217
-13,169,-3042.6825396825398,595.6098394150996,0.0,0.0,166.39164111196052
-11,143,-8.436950146627566,17.753864072211613,0.7709750566893424,0.22675736961451248,120.06709178369637
-11,145,-1436.1547344110854,715.3729839003089,0.08843537414965986,0.018140589569160998,98.23672961875697
-11,147,-2305.545871559633,659.043657672653,0.011337868480725623,0.011337868480725623,125.97765248303489
-11,149,-2233.5748663101604,1002.547264306383,0.07029478458049887,0.15192743764172337,70.20449336711937
-11,151,-1857.6142131979695,1506.0638022638957,0.20861678004535147,0.10657596371882086,11.11949266445524
-11,153,-1926.0448113207547,1333.2687361555784,0.19954648526077098,0.03854875283446712,0.0
-11,155,-2681.3577981651374,1022.6630597391992,0.024943310657596373,0.011337868480725623,69.18495648712046
-11,157,-2656.4603174603176,941.9366456638389,0.0,0.0,124.67331549165885
-11,159,-2968.211845102506,894.223322216749,0.0022675736961451248,0.0045351473922902496,186.1328611669241
-11,161,-3326.9268292682927,1614.1487933741707,0.031746031746031744,0.07029478458049887,70.71440442602093
-11,163,-3994.8356481481483,1617.7695376258364,0.018140589569160998,0.02040816326530612,140.92147340361208
-11,165,-3886.289655172414,1623.7876026683336,0.0045351473922902496,0.013605442176870748,145.83545964363378
-11,167,-2100.538106235566,921.7888978889936,0.018140589569160998,0.018140589569160998,66.7169559867346
-11,169,-3250.3832199546487,671.0877977985845,0.0,0.0,228.05442622587427
-37,147,-11.0,10.559356040971437,0.011337868480725623,0.9886621315192744,180.12630652358123
-17,145,-75.9423076923077,225.29052384808955,0.10884353741496598,0.8820861678004536,159.93345145699845
